SALESORDERID,CREATEDBY,CREATEDAT,CHANGEDBY,CHANGEDAT,FISCVARIANT,FISCALYEARPERIOD,NOTEID,PARTNERID,SALESORG,CURRENCY,GROSSAMOUNT,NETAMOUNT,TAXAMOUNT,LIFECYCLESTATUS,BILLINGSTATUS,DELIVERYSTATUS
0500000000,0000000004,2018-01-11,0000000004,2018-01-16,K4,2018001,,0100000022,APJ,USD,13587,11888.625,1698.375,C,C,C
0500000001,0000000002,2018-01-12,0000000002,2018-01-15,K4,2018001,,0100000026,EMEA,USD,12622,11044.25,1577.75,C,C,C
0500000002,0000000005,2018-01-15,0000000005,2018-01-20,K4,2018001,,0100000018,APJ,USD,45655,39948.125,5706.875,C,C,C
0500000003,0000000003,2018-01-15,0000000003,2018-01-20,K4,2018001,,0100000009,EMEA,USD,101786,89062.75,12723.25,C,C,C
0500000004,0000000008,2018-01-16,0000000008,2018-01-17,K4,2018001,,0100000025,EMEA,USD,71684,62723.5,8960.5,C,C,C
0500000005,0000000008,2018-01-16,0000000008,2018-01-19,K4,2018001,,0100000008,EMEA,USD,104213,91186.375,13026.625,C,C,C
0500000006,0000000003,2018-01-17,0000000003,2018-01-20,K4,2018001,,0100000038,EMEA,USD,173987,152238.625,21748.375,C,C,C
0500000007,0000000004,2018-01-19,0000000004,2018-01-21,K4,2018001,,0100000020,APJ,USD,1398,1223.25,174.75,C,C,C
0500000008,0000000003,2018-01-20,0000000003,2018-01-22,K4,2018001,,0100000028,EMEA,USD,127803,111827.625,15975.375,C,C,C
0500000009,0000000004,2018-01-21,0000000004,2018-01-22,K4,2018001,,0100000021,APJ,USD,79101,69213.375,9887.625,C,C,C
0500000010,0000000001,2018-01-24,0000000001,2018-01-26,K4,2018001,,0100000004,AMER,USD,10322,9031.75,1290.25,C,C,C
0500000011,0000000004,2018-01-27,0000000004,2018-01-30,K4,2018001,,0100000020,APJ,USD,99421,86993.375,12427.625,C,C,C
0500000012,0000000004,2018-01-30,0000000004,2018-02-04,K4,2018001,,0100000022,APJ,USD,15630,13676.25,1953.75,C,C,C
0500000013,0000000011,2018-02-02,0000000011,2018-02-05,K4,2018002,,0100000031,AMER,USD,70162,61391.75,8770.25,C,C,C
0500000014,0000000011,2018-02-03,0000000011,2018-02-05,K4,2018002,,0100000033,AMER,USD,32734,28642.25,4091.75,C,C,C
0500000015,0000000010,2018-02-04,0000000010,2018-02-09,K4,2018002,,0100000032,AMER,USD,21194,18544.75,2649.25,C,C,C
0500000016,0000000008,2018-02-05,0000000008,2018-02-10,K4,2018002,,0100000025,EMEA,USD,40691,35604.625,5086.375,C,C,C
0500000017,0000000013,2018-02-06,0000000013,2018-02-11,K4,2018002,,0100000030,AMER,USD,75228,65824.5,9403.5,C,C,C
0500000018,0000000001,2018-02-06,0000000001,2018-02-07,K4,2018002,,0100000034,AMER,USD,2871,2512.125,358.875,C,C,C
0500000019,0000000012,2018-02-07,0000000012,2018-02-10,K4,2018002,,0100000034,AMER,USD,27515,24075.625,3439.375,C,C,C
0500000020,0000000011,2018-02-09,0000000011,2018-02-12,K4,2018002,,0100000001,AMER,USD,57880,50645,7235,C,C,C
0500000021,0000000007,2018-02-09,0000000007,2018-02-12,K4,2018002,,0100000001,AMER,USD,379,331.625,47.375,C,C,C
0500000022,0000000003,2018-02-10,0000000003,2018-02-14,K4,2018002,,0100000011,EMEA,USD,6950,6081.25,868.75,C,C,C
0500000023,0000000003,2018-02-13,0000000003,2018-02-17,K4,2018002,,0100000012,EMEA,USD,85808,75082,10726,C,C,C
0500000024,0000000004,2018-02-13,0000000004,2018-02-14,K4,2018002,,0100000015,APJ,USD,95368,83447,11921,C,C,C
0500000025,0000000002,2018-02-14,0000000002,2018-02-16,K4,2018002,,0100000010,EMEA,USD,55575,48628.125,6946.875,C,C,C
0500000026,0000000002,2018-02-15,0000000002,2018-02-20,K4,2018002,,0100000012,EMEA,USD,85918,75178.25,10739.75,C,C,C
0500000027,0000000005,2018-02-18,0000000005,2018-02-21,K4,2018002,,0100000016,APJ,USD,104374,91327.25,13046.75,C,C,C
0500000028,0000000004,2018-02-19,0000000004,2018-02-23,K4,2018002,,0100000019,APJ,USD,70930,62063.75,8866.25,C,C,C
0500000029,0000000005,2018-02-20,0000000005,2018-02-22,K4,2018002,,0100000020,APJ,USD,95673,83713.875,11959.125,C,C,C
0500000030,0000000008,2018-02-22,0000000008,2018-02-26,K4,2018002,,0100000028,EMEA,USD,76022,66519.25,9502.75,C,C,C
0500000031,0000000002,2018-02-23,0000000002,2018-02-25,K4,2018002,,0100000011,EMEA,USD,49552,43358,6194,C,C,C
0500000032,0000000009,2018-02-23,0000000009,2018-02-28,K4,2018002,,0100000030,AMER,USD,57255,50098.125,7156.875,C,C,C
0500000033,0000000004,2018-02-24,0000000004,2018-02-28,K4,2018002,,0100000023,APJ,USD,73179,64031.625,9147.375,C,C,C
0500000034,0000000004,2018-02-27,0000000004,2018-03-03,K4,2018002,,0100000021,APJ,USD,30737,26894.875,3842.125,C,C,C
0500000035,0000000014,2018-03-01,0000000014,2018-03-02,K4,2018003,,0100000004,AMER,USD,50897,44534.875,6362.125,C,C,C
0500000036,0000000002,2018-03-02,0000000002,2018-03-05,K4,2018003,,0100000010,EMEA,USD,96759,84664.125,12094.875,C,C,C
0500000037,0000000008,2018-03-03,0000000008,2018-03-08,K4,2018003,,0100000038,EMEA,USD,6048,5292,756,C,C,C
0500000038,0000000009,2018-03-04,0000000009,2018-03-05,K4,2018003,,0100000001,AMER,USD,46443,40637.625,5805.375,C,C,C
0500000039,0000000002,2018-03-05,0000000002,2018-03-06,K4,2018003,,0100000007,EMEA,USD,13248,11592,1656,C,C,C
0500000040,0000000008,2018-03-06,0000000008,2018-03-11,K4,2018003,,0100000005,EMEA,USD,43638,38183.25,5454.75,C,C,C
0500000041,0000000008,2018-03-07,0000000008,2018-03-08,K4,2018003,,0100000009,EMEA,USD,29100,25462.5,3637.5,C,C,C
0500000042,0000000006,2018-03-10,0000000006,2018-03-14,K4,2018003,,0100000025,EMEA,USD,31474,27539.75,3934.25,C,C,C
0500000043,0000000006,2018-03-11,0000000006,2018-03-13,K4,2018003,,0100000039,EMEA,USD,35479,31044.125,4434.875,C,C,C
0500000044,0000000004,2018-03-14,0000000004,2018-03-17,K4,2018003,,0100000021,APJ,USD,1266,1107.75,158.25,C,C,C
0500000045,0000000002,2018-03-16,0000000002,2018-03-20,K4,2018003,,0100000014,EMEA,USD,9000,7875,1125,C,C,C
0500000046,0000000004,2018-03-19,0000000004,2018-03-21,K4,2018003,,0100000024,APJ,USD,95561,83615.875,11945.125,C,C,C
0500000047,0000000008,2018-03-20,0000000008,2018-03-22,K4,2018003,,0100000038,EMEA,USD,2288,2002,286,C,C,C
0500000048,0000000006,2018-03-21,0000000006,2018-03-26,K4,2018003,,0100000014,EMEA,USD,60113,52598.875,7514.125,C,C,C
0500000049,0000000008,2018-03-21,0000000008,2018-03-25,K4,2018003,,0100000009,EMEA,USD,75646,66190.25,9455.75,C,C,C
0500000050,0000000004,2018-03-24,0000000004,2018-03-26,K4,2018003,,0100000020,APJ,USD,56388,49339.5,7048.5,C,C,C
0500000051,0000000004,2018-03-27,0000000004,2018-04-01,K4,2018003,,0100000021,APJ,USD,21980,19232.5,2747.5,C,C,C
0500000052,0000000005,2018-03-28,0000000005,2018-04-01,K4,2018003,,0100000022,APJ,USD,15643,13687.625,1955.375,C,C,C
0500000053,0000000002,2018-03-29,0000000002,2018-03-31,K4,2018003,,0100000039,EMEA,USD,23778,20805.75,2972.25,C,C,C
0500000054,0000000009,2018-03-30,0000000009,2018-04-03,K4,2018003,,0100000030,AMER,USD,37718,33003.25,4714.75,C,C,C
0500000055,0000000003,2018-04-01,0000000003,2018-04-04,K4,2018004,,0100000014,EMEA,USD,70615,61788.125,8826.875,C,C,C
0500000056,0000000001,2018-04-03,0000000001,2018-04-04,K4,2018004,,0100000033,AMER,USD,98082,85821.75,12260.25,C,C,C
0500000057,0000000009,2018-04-06,0000000009,2018-04-10,K4,2018004,,0100000034,AMER,USD,29441,25760.875,3680.125,C,C,C
0500000058,0000000007,2018-04-07,0000000007,2018-04-09,K4,2018004,,0100000000,AMER,USD,82715,72375.625,10339.375,C,C,C
0500000059,0000000002,2018-04-10,0000000002,2018-04-12,K4,2018004,,0100000009,EMEA,USD,50763,44417.625,6345.375,C,C,C
0500000060,0000000004,2018-04-13,0000000004,2018-04-14,K4,2018004,,0100000015,APJ,USD,55380,48457.5,6922.5,C,C,C
0500000061,0000000003,2018-04-15,0000000003,2018-04-19,K4,2018004,,0100000008,EMEA,USD,52312,45773,6539,C,C,C
0500000062,0000000011,2018-04-16,0000000011,2018-04-19,K4,2018004,,0100000003,AMER,USD,1598,1398.25,199.75,C,C,C
0500000063,0000000009,2018-04-19,0000000009,2018-04-22,K4,2018004,,0100000004,AMER,USD,157214,137562.25,19651.75,C,C,C
0500000064,0000000004,2018-04-20,0000000004,2018-04-22,K4,2018004,,0100000023,APJ,USD,86746,75902.75,10843.25,C,C,C
0500000065,0000000004,2018-04-22,0000000004,2018-04-23,K4,2018004,,0100000016,APJ,USD,79857,69874.875,9982.125,C,C,C
0500000066,0000000013,2018-04-24,0000000013,2018-04-25,K4,2018004,,0100000032,AMER,USD,3245,2839.375,405.625,C,C,C
0500000067,0000000006,2018-04-24,0000000006,2018-04-28,K4,2018004,,0100000029,EMEA,USD,30531,26714.625,3816.375,C,C,C
0500000068,0000000006,2018-04-24,0000000006,2018-04-26,K4,2018004,,0100000010,EMEA,USD,61101,53463.375,7637.625,C,C,C
0500000069,0000000002,2018-04-26,0000000002,2018-04-30,K4,2018004,,0100000009,EMEA,USD,60306,52767.75,7538.25,C,C,C
0500000070,0000000009,2018-04-27,0000000009,2018-05-02,K4,2018004,,0100000034,AMER,USD,51608,45157,6451,C,C,C
0500000071,0000000004,2018-04-27,0000000004,2018-04-29,K4,2018004,,0100000023,APJ,USD,20880,18270,2610,C,C,C
0500000072,0000000005,2018-04-27,0000000005,2018-04-28,K4,2018004,,0100000021,APJ,USD,127657,111699.875,15957.125,C,C,C
0500000073,0000000008,2018-04-28,0000000008,2018-04-30,K4,2018004,,0100000006,EMEA,USD,8091,7079.625,1011.375,C,C,C
0500000074,0000000006,2018-05-01,0000000006,2018-05-03,K4,2018005,,0100000028,EMEA,USD,115705,101241.875,14463.125,C,C,C
0500000075,0000000005,2018-05-04,0000000005,2018-05-07,K4,2018005,,0100000015,APJ,USD,97518,85328.25,12189.75,C,C,C
0500000076,0000000001,2018-05-06,0000000001,2018-05-11,K4,2018005,,0100000033,AMER,USD,102586,89762.75,12823.25,C,C,C
0500000077,0000000004,2018-05-06,0000000004,2018-05-08,K4,2018005,,0100000017,APJ,USD,28086,24575.25,3510.75,C,C,C
0500000078,0000000010,2018-05-09,0000000010,2018-05-11,K4,2018005,,0100000001,AMER,USD,62302,54514.25,7787.75,C,C,C
0500000079,0000000001,2018-05-11,0000000001,2018-05-16,K4,2018005,,0100000032,AMER,USD,59180,51782.5,7397.5,C,C,C
0500000080,0000000013,2018-05-13,0000000013,2018-05-17,K4,2018005,,0100000004,AMER,USD,103772,90800.5,12971.5,C,C,C
0500000081,0000000001,2018-05-16,0000000001,2018-05-19,K4,2018005,,0100000032,AMER,USD,24845,21739.375,3105.625,C,C,C
0500000082,0000000003,2018-05-19,0000000003,2018-05-22,K4,2018005,,0100000012,EMEA,USD,12989,11365.375,1623.625,C,C,C
0500000083,0000000003,2018-05-19,0000000003,2018-05-23,K4,2018005,,0100000035,EMEA,USD,29118,25478.25,3639.75,C,C,C
0500000084,0000000006,2018-05-19,0000000006,2018-05-23,K4,2018005,,0100000027,EMEA,USD,87561,76615.875,10945.125,C,C,C
0500000085,0000000010,2018-05-21,0000000010,2018-05-25,K4,2018005,,0100000002,AMER,USD,48373,42326.375,6046.625,C,C,C
0500000086,0000000014,2018-05-23,0000000014,2018-05-24,K4,2018005,,0100000004,AMER,USD,21695,18983.125,2711.875,C,C,C
0500000087,0000000003,2018-05-25,0000000003,2018-05-26,K4,2018005,,0100000029,EMEA,USD,70368,61572,8796,C,C,C
0500000088,0000000010,2018-05-28,0000000010,2018-06-02,K4,2018005,,0100000002,AMER,USD,73949,64705.375,9243.625,C,C,C
0500000089,0000000013,2018-05-30,0000000013,2018-06-03,K4,2018005,,0100000033,AMER,USD,41484,36298.5,5185.5,C,C,C
0500000090,0000000010,2018-06-01,0000000010,2018-06-03,K4,2018006,,0100000001,AMER,USD,86264,75481,10783,C,C,C
0500000091,0000000002,2018-06-03,0000000002,2018-06-07,K4,2018006,,0100000035,EMEA,USD,28191,24667.125,3523.875,C,C,C
0500000092,0000000002,2018-06-06,0000000002,2018-06-09,K4,2018006,,0100000037,EMEA,USD,42500,37187.5,5312.5,C,C,C
0500000093,0000000004,2018-06-09,0000000004,2018-06-11,K4,2018006,,0100000020,APJ,USD,43266,37857.75,5408.25,C,C,C
0500000094,0000000004,2018-06-09,0000000004,2018-06-13,K4,2018006,,0100000018,APJ,USD,26337,23044.875,3292.125,C,C,C
0500000095,0000000008,2018-06-12,0000000008,2018-06-17,K4,2018006,,0100000014,EMEA,USD,9593,8393.875,1199.125,C,C,C
0500000096,0000000008,2018-06-12,0000000008,2018-06-15,K4,2018006,,0100000029,EMEA,USD,97311,85147.125,12163.875,C,C,C
0500000097,0000000012,2018-06-14,0000000012,2018-06-15,K4,2018006,,0100000032,AMER,USD,59317,51902.375,7414.625,C,C,C
0500000098,0000000004,2018-06-15,0000000004,2018-06-16,K4,2018006,,0100000024,APJ,USD,109554,95859.75,13694.25,C,C,C
0500000099,0000000005,2018-06-17,0000000005,2018-06-19,K4,2018006,,0100000015,APJ,USD,41279,36119.125,5159.875,C,C,C
0500000100,0000000006,2018-06-19,0000000006,2018-06-23,K4,2018006,,0100000014,EMEA,USD,53830,47101.25,6728.75,C,C,C
0500000101,0000000013,2018-06-21,0000000013,2018-06-23,K4,2018006,,0100000001,AMER,USD,46601,40775.875,5825.125,C,C,C
0500000102,0000000008,2018-06-22,0000000008,2018-06-26,K4,2018006,,0100000026,EMEA,USD,7191,6292.125,898.875,C,C,C
0500000103,0000000008,2018-06-25,0000000008,2018-06-30,K4,2018006,,0100000010,EMEA,USD,96695,84608.125,12086.875,C,C,C
0500000104,0000000008,2018-06-28,0000000008,2018-06-30,K4,2018006,,0100000008,EMEA,USD,17510,15321.25,2188.75,C,C,C
0500000105,0000000014,2018-06-30,0000000014,2018-07-04,K4,2018006,,0100000030,AMER,USD,55179,48281.625,6897.375,C,C,C
0500000106,0000000003,2018-07-03,0000000003,2018-07-06,K4,2018007,,0100000005,EMEA,USD,44294,38757.25,5536.75,C,C,C
0500000107,0000000012,2018-07-05,0000000012,2018-07-08,K4,2018007,,0100000034,AMER,USD,86805,75954.375,10850.625,C,C,C
0500000108,0000000011,2018-07-06,0000000011,2018-07-08,K4,2018007,,0100000000,AMER,USD,55623,48670.125,6952.875,C,C,C
0500000109,0000000004,2018-07-06,0000000004,2018-07-10,K4,2018007,,0100000022,APJ,USD,54990,48116.25,6873.75,C,C,C
0500000110,0000000003,2018-07-07,0000000003,2018-07-10,K4,2018007,,0100000009,EMEA,USD,65091,56954.625,8136.375,C,C,C
0500000111,0000000002,2018-07-07,0000000002,2018-07-12,K4,2018007,,0100000026,EMEA,USD,30464,26656,3808,C,C,C
0500000112,0000000004,2018-07-10,0000000004,2018-07-13,K4,2018007,,0100000017,APJ,USD,62204,54428.5,7775.5,X,X,X
0500000113,0000000009,2018-07-12,0000000009,2018-07-15,K4,2018007,,0100000001,AMER,USD,107321,93905.875,13415.125,C,C,C
0500000114,0000000012,2018-07-13,0000000012,2018-07-16,K4,2018007,,0100000034,AMER,USD,14807,12956.125,1850.875,C,C,C
0500000115,0000000012,2018-07-15,0000000012,2018-07-17,K4,2018007,,0100000003,AMER,USD,75693,66231.375,9461.625,C,C,C
0500000116,0000000003,2018-07-16,0000000003,2018-07-17,K4,2018007,,0100000036,EMEA,USD,4392,3843,549,C,C,C
0500000117,0000000008,2018-07-19,0000000008,2018-07-22,K4,2018007,,0100000027,EMEA,USD,12495,10933.125,1561.875,C,C,C
0500000118,0000000004,2018-07-21,0000000004,2018-07-24,K4,2018007,,0100000015,APJ,USD,66584,58261,8323,C,C,C
0500000119,0000000004,2018-07-22,0000000004,2018-07-25,K4,2018007,,0100000019,APJ,USD,71699,62736.625,8962.375,C,C,C
0500000120,0000000004,2018-07-22,0000000004,2018-07-26,K4,2018007,,0100000016,APJ,USD,81501,71313.375,10187.625,C,C,C
0500000121,0000000005,2018-07-23,0000000005,2018-07-28,K4,2018007,,0100000021,APJ,USD,55266,48357.75,6908.25,C,C,C
0500000122,0000000005,2018-07-24,0000000005,2018-07-27,K4,2018007,,0100000020,APJ,USD,35318,30903.25,4414.75,C,C,C
0500000123,0000000001,2018-07-24,0000000001,2018-07-25,K4,2018007,,0100000033,AMER,USD,43924,38433.5,5490.5,C,C,C
0500000124,0000000003,2018-07-26,0000000003,2018-07-27,K4,2018007,,0100000008,EMEA,USD,71289,62377.875,8911.125,C,C,C
0500000125,0000000006,2018-07-26,0000000006,2018-07-29,K4,2018007,,0100000028,EMEA,USD,32093,28081.375,4011.625,C,C,C
0500000126,0000000003,2018-07-27,0000000003,2018-07-28,K4,2018007,,0100000006,EMEA,USD,193987,169738.625,24248.375,C,C,C
0500000127,0000000004,2018-07-27,0000000004,2018-07-29,K4,2018007,,0100000023,APJ,USD,51985,45486.875,6498.125,C,C,C
0500000128,0000000001,2018-07-27,0000000001,2018-07-28,K4,2018007,,0100000032,AMER,USD,29097,25459.875,3637.125,C,C,C
0500000129,0000000003,2018-07-30,0000000003,2018-08-01,K4,2018007,,0100000005,EMEA,USD,109947,96203.625,13743.375,C,C,C
0500000130,0000000006,2018-08-02,0000000006,2018-08-05,K4,2018008,,0100000038,EMEA,USD,110778,96930.75,13847.25,C,C,C
0500000131,0000000010,2018-08-05,0000000010,2018-08-10,K4,2018008,,0100000001,AMER,USD,86689,75852.875,10836.125,C,C,C
0500000132,0000000008,2018-08-08,0000000008,2018-08-09,K4,2018008,,0100000029,EMEA,USD,17493,15306.375,2186.625,C,C,C
0500000133,0000000005,2018-08-11,0000000005,2018-08-15,K4,2018008,,0100000016,APJ,USD,6003,5252.625,750.375,C,C,C
0500000134,0000000005,2018-08-14,0000000005,2018-08-16,K4,2018008,,0100000024,APJ,USD,33409,29232.875,4176.125,C,C,C
0500000135,0000000004,2018-08-17,0000000004,2018-08-20,K4,2018008,,0100000020,APJ,USD,131393,114968.875,16424.125,C,C,C
0500000136,0000000003,2018-08-20,0000000003,2018-08-23,K4,2018008,,0100000009,EMEA,USD,47816,41839,5977,C,C,C
0500000137,0000000002,2018-08-20,0000000002,2018-08-21,K4,2018008,,0100000007,EMEA,USD,55372,48450.5,6921.5,C,C,C
0500000138,0000000012,2018-08-20,0000000012,2018-08-25,K4,2018008,,0100000033,AMER,USD,81833,71603.875,10229.125,C,C,C
0500000139,0000000006,2018-08-23,0000000006,2018-08-24,K4,2018008,,0100000014,EMEA,USD,51576,45129,6447,C,C,C
0500000140,0000000005,2018-08-23,0000000005,2018-08-28,K4,2018008,,0100000015,APJ,USD,99871,87387.125,12483.875,C,C,C
0500000141,0000000005,2018-08-25,0000000005,2018-08-30,K4,2018008,,0100000023,APJ,USD,47703,41740.125,5962.875,C,C,C
0500000142,0000000011,2018-08-28,0000000011,2018-08-30,K4,2018008,,0100000004,AMER,USD,33890,29653.75,4236.25,C,C,C
0500000143,0000000005,2018-08-29,0000000005,2018-09-01,K4,2018008,,0100000020,APJ,USD,21862,19129.25,2732.75,C,C,C
0500000144,0000000004,2018-09-01,0000000004,2018-09-05,K4,2018009,,0100000023,APJ,USD,60566,52995.25,7570.75,C,C,C
0500000145,0000000008,2018-09-01,0000000008,2018-09-02,K4,2018009,,0100000007,EMEA,USD,40539,35471.625,5067.375,C,C,C
0500000146,0000000005,2018-09-03,0000000005,2018-09-05,K4,2018009,,0100000020,APJ,USD,90216,78939,11277,C,C,C
0500000147,0000000002,2018-09-03,0000000002,2018-09-06,K4,2018009,,0100000036,EMEA,USD,45043,39412.625,5630.375,C,C,C
0500000148,0000000014,2018-09-03,0000000014,2018-09-06,K4,2018009,,0100000004,AMER,USD,109812,96085.5,13726.5,C,C,C
0500000149,0000000004,2018-09-06,0000000004,2018-09-10,K4,2018009,,0100000018,APJ,USD,62687,54851.125,7835.875,C,C,C
0500000150,0000000005,2018-09-06,0000000005,2018-09-09,K4,2018009,,0100000023,APJ,USD,72691,63604.625,9086.375,C,C,C
0500000151,0000000003,2018-09-08,0000000003,2018-09-10,K4,2018009,,0100000039,EMEA,USD,14874,13014.75,1859.25,C,C,C
0500000152,0000000002,2018-09-11,0000000002,2018-09-12,K4,2018009,,0100000014,EMEA,USD,64433,56378.875,8054.125,C,C,C
0500000153,0000000004,2018-09-12,0000000004,2018-09-13,K4,2018009,,0100000016,APJ,USD,69265,60606.875,8658.125,C,C,C
0500000154,0000000002,2018-09-12,0000000002,2018-09-15,K4,2018009,,0100000037,EMEA,USD,124062,108554.25,15507.75,C,C,C
0500000155,0000000008,2018-09-15,0000000008,2018-09-20,K4,2018009,,0100000035,EMEA,USD,70063,61305.125,8757.875,C,C,C
0500000156,0000000002,2018-09-15,0000000002,2018-09-18,K4,2018009,,0100000039,EMEA,USD,108752,95158,13594,C,C,C
0500000157,0000000009,2018-09-17,0000000009,2018-09-20,K4,2018009,,0100000003,AMER,USD,105359,92189.125,13169.875,C,C,C
0500000158,0000000002,2018-09-19,0000000002,2018-09-22,K4,2018009,,0100000011,EMEA,USD,80064,70056,10008,C,C,C
0500000159,0000000008,2018-09-22,0000000008,2018-09-24,K4,2018009,,0100000011,EMEA,USD,52131,45614.625,6516.375,C,C,C
0500000160,0000000006,2018-09-25,0000000006,2018-09-29,K4,2018009,,0100000028,EMEA,USD,54468,47659.5,6808.5,C,C,C
0500000161,0000000002,2018-09-26,0000000002,2018-09-29,K4,2018009,,0100000039,EMEA,USD,9889,8652.875,1236.125,C,C,C
0500000162,0000000009,2018-09-29,0000000009,2018-10-04,K4,2018009,,0100000002,AMER,USD,29389,25715.375,3673.625,C,C,C
0500000163,0000000003,2018-09-29,0000000003,2018-10-02,K4,2018009,,0100000025,EMEA,USD,59089,51702.875,7386.125,C,C,C
0500000164,0000000012,2018-09-29,0000000012,2018-10-03,K4,2018009,,0100000004,AMER,USD,33252,29095.5,4156.5,X,X,X
0500000165,0000000002,2018-09-29,0000000002,2018-10-03,K4,2018009,,0100000005,EMEA,USD,112475,98415.625,14059.375,C,C,C
0500000166,0000000008,2018-10-01,0000000008,2018-10-04,K4,2018010,,0100000009,EMEA,USD,77065,67431.875,9633.125,C,C,C
0500000167,0000000012,2018-10-02,0000000012,2018-10-07,K4,2018010,,0100000003,AMER,USD,23589,20640.375,2948.625,C,C,C
0500000168,0000000006,2018-10-02,0000000006,2018-10-05,K4,2018010,,0100000025,EMEA,USD,126222,110444.25,15777.75,C,C,C
0500000169,0000000012,2018-10-05,0000000012,2018-10-10,K4,2018010,,0100000002,AMER,USD,1245,1089.375,155.625,C,C,C
0500000170,0000000003,2018-10-07,0000000003,2018-10-11,K4,2018010,,0100000009,EMEA,USD,59796,52321.5,7474.5,C,C,C
0500000171,0000000004,2018-10-07,0000000004,2018-10-12,K4,2018010,,0100000021,APJ,USD,153971,134724.625,19246.375,C,C,C
0500000172,0000000005,2018-10-10,0000000005,2018-10-11,K4,2018010,,0100000017,APJ,USD,120706,105617.75,15088.25,C,C,C
0500000173,0000000004,2018-10-12,0000000004,2018-10-13,K4,2018010,,0100000023,APJ,USD,28871,25262.125,3608.875,C,C,C
0500000174,0000000006,2018-10-12,0000000006,2018-10-16,K4,2018010,,0100000025,EMEA,USD,119863,104880.125,14982.875,C,C,C
0500000175,0000000005,2018-10-12,0000000005,2018-10-13,K4,2018010,,0100000017,APJ,USD,104790,91691.25,13098.75,C,C,C
0500000176,0000000009,2018-10-13,0000000009,2018-10-17,K4,2018010,,0100000033,AMER,USD,50791,44442.125,6348.875,C,C,C
0500000177,0000000008,2018-10-13,0000000008,2018-10-15,K4,2018010,,0100000014,EMEA,USD,44276,38741.5,5534.5,C,C,C
0500000178,0000000013,2018-10-16,0000000013,2018-10-20,K4,2018010,,0100000002,AMER,USD,173567,151871.125,21695.875,C,C,C
0500000179,0000000008,2018-10-18,0000000008,2018-10-19,K4,2018010,,0100000008,EMEA,USD,7794,6819.75,974.25,C,C,C
0500000180,0000000008,2018-10-20,0000000008,2018-10-21,K4,2018010,,0100000038,EMEA,USD,104780,91682.5,13097.5,C,C,C
0500000181,0000000010,2018-10-22,0000000010,2018-10-27,K4,2018010,,0100000030,AMER,USD,18841,16485.875,2355.125,C,C,C
0500000182,0000000006,2018-10-25,0000000006,2018-10-29,K4,2018010,,0100000005,EMEA,USD,38007,33256.125,4750.875,C,C,C
0500000183,0000000004,2018-10-28,0000000004,2018-10-31,K4,2018010,,0100000021,APJ,USD,82166,71895.25,10270.75,C,C,C
0500000184,0000000006,2018-10-28,0000000006,2018-11-01,K4,2018010,,0100000038,EMEA,USD,55998,48998.25,6999.75,C,C,C
0500000185,0000000004,2018-10-30,0000000004,2018-11-04,K4,2018010,,0100000015,APJ,USD,71013,62136.375,8876.625,C,C,C
0500000186,0000000001,2018-10-30,0000000001,2018-11-03,K4,2018010,,0100000000,AMER,USD,46464,40656,5808,C,C,C
0500000187,0000000003,2018-11-02,0000000003,2018-11-07,K4,2018011,,0100000008,EMEA,USD,6951,6082.125,868.875,C,C,C
0500000188,0000000007,2018-11-05,0000000007,2018-11-06,K4,2018011,,0100000031,AMER,USD,3203,2802.625,400.375,C,C,C
0500000189,0000000002,2018-11-07,0000000002,2018-11-09,K4,2018011,,0100000036,EMEA,USD,3990,3491.25,498.75,C,C,C
0500000190,0000000013,2018-11-09,0000000013,2018-11-14,K4,2018011,,0100000002,AMER,USD,8737,7644.875,1092.125,C,C,C
0500000191,0000000002,2018-11-11,0000000002,2018-11-14,K4,2018011,,0100000014,EMEA,USD,28161,24640.875,3520.125,C,C,C
0500000192,0000000013,2018-11-11,0000000013,2018-11-16,K4,2018011,,0100000032,AMER,USD,140293,122756.375,17536.625,C,C,C
0500000193,0000000006,2018-11-12,0000000006,2018-11-14,K4,2018011,,0100000039,EMEA,USD,82210,71933.75,10276.25,C,C,C
0500000194,0000000004,2018-11-15,0000000004,2018-11-20,K4,2018011,,0100000019,APJ,USD,8393,7343.875,1049.125,C,C,C
0500000195,0000000004,2018-11-16,0000000004,2018-11-20,K4,2018011,,0100000017,APJ,USD,71455,62523.125,8931.875,C,C,C
0500000196,0000000005,2018-11-17,0000000005,2018-11-22,K4,2018011,,0100000020,APJ,USD,79331,69414.625,9916.375,C,C,C
0500000197,0000000002,2018-11-17,0000000002,2018-11-18,K4,2018011,,0100000037,EMEA,USD,5996,5246.5,749.5,C,C,C
0500000198,0000000006,2018-11-17,0000000006,2018-11-18,K4,2018011,,0100000028,EMEA,USD,69065,60431.875,8633.125,C,C,C
0500000199,0000000004,2018-11-19,0000000004,2018-11-24,K4,2018011,,0100000016,APJ,USD,13728,12012,1716,C,C,C
0500000200,0000000009,2018-11-19,0000000009,2018-11-23,K4,2018011,,0100000000,AMER,USD,35580,31132.5,4447.5,C,C,C
0500000201,0000000008,2018-11-19,0000000008,2018-11-21,K4,2018011,,0100000035,EMEA,USD,31499,27561.625,3937.375,C,C,C
0500000202,0000000006,2018-11-19,0000000006,2018-11-21,K4,2018011,,0100000008,EMEA,USD,82097,71834.875,10262.125,C,C,C
0500000203,0000000002,2018-11-20,0000000002,2018-11-22,K4,2018011,,0100000039,EMEA,USD,57864,50631,7233,C,C,C
0500000204,0000000005,2018-11-21,0000000005,2018-11-23,K4,2018011,,0100000021,APJ,USD,41499,36311.625,5187.375,C,C,C
0500000205,0000000008,2018-11-21,0000000008,2018-11-26,K4,2018011,,0100000013,EMEA,USD,127879,111894.125,15984.875,C,C,C
0500000206,0000000006,2018-11-24,0000000006,2018-11-25,K4,2018011,,0100000010,EMEA,USD,134326,117535.25,16790.75,C,C,C
0500000207,0000000011,2018-11-24,0000000011,2018-11-26,K4,2018011,,0100000030,AMER,USD,62755,54910.625,7844.375,C,C,C
0500000208,0000000002,2018-11-25,0000000002,2018-11-29,K4,2018011,,0100000038,EMEA,USD,73880,64645,9235,C,C,C
0500000209,0000000005,2018-11-26,0000000005,2018-11-27,K4,2018011,,0100000020,APJ,USD,92995,81370.625,11624.375,C,C,C
0500000210,0000000010,2018-11-28,0000000010,2018-12-03,K4,2018011,,0100000034,AMER,USD,63743,55775.125,7967.875,C,C,C
0500000211,0000000005,2018-11-30,0000000005,2018-12-05,K4,2018011,,0100000023,APJ,USD,41599,36399.125,5199.875,C,C,C
0500000212,0000000006,2018-12-01,0000000006,2018-12-06,K4,2018012,,0100000013,EMEA,USD,52489,45927.875,6561.125,C,C,C
0500000213,0000000011,2018-12-01,0000000011,2018-12-04,K4,2018012,,0100000004,AMER,USD,69101,60463.375,8637.625,C,C,C
0500000214,0000000008,2018-12-01,0000000008,2018-12-04,K4,2018012,,0100000011,EMEA,USD,78788,68939.5,9848.5,C,C,C
0500000215,0000000006,2018-12-03,0000000006,2018-12-05,K4,2018012,,0100000036,EMEA,USD,89743,78525.125,11217.875,C,C,C
0500000216,0000000007,2018-12-05,0000000007,2018-12-10,K4,2018012,,0100000033,AMER,USD,83483,73047.625,10435.375,C,C,C
0500000217,0000000005,2018-12-07,0000000005,2018-12-11,K4,2018012,,0100000019,APJ,USD,79639,69684.125,9954.875,C,C,C
0500000218,0000000005,2018-12-07,0000000005,2018-12-08,K4,2018012,,0100000022,APJ,USD,77415,67738.125,9676.875,C,C,C
0500000219,0000000001,2018-12-07,0000000001,2018-12-10,K4,2018012,,0100000001,AMER,USD,8986,7862.75,1123.25,C,C,C
0500000220,0000000011,2018-12-10,0000000011,2018-12-11,K4,2018012,,0100000002,AMER,USD,2241,1960.875,280.125,C,C,C
0500000221,0000000003,2018-12-11,0000000003,2018-12-16,K4,2018012,,0100000029,EMEA,USD,77130,67488.75,9641.25,C,C,C
0500000222,0000000005,2018-12-13,0000000005,2018-12-18,K4,2018012,,0100000017,APJ,USD,156424,136871,19553,C,C,C
0500000223,0000000004,2018-12-15,0000000004,2018-12-17,K4,2018012,,0100000023,APJ,USD,33076,28941.5,4134.5,C,C,C
0500000224,0000000002,2018-12-16,0000000002,2018-12-19,K4,2018012,,0100000028,EMEA,USD,25623,22420.125,3202.875,C,C,C
0500000225,0000000003,2018-12-19,0000000003,2018-12-20,K4,2018012,,0100000006,EMEA,USD,113112,98973,14139,C,C,C
0500000226,0000000006,2018-12-21,0000000006,2018-12-22,K4,2018012,,0100000036,EMEA,USD,10043,8787.625,1255.375,C,C,C
0500000227,0000000005,2018-12-23,0000000005,2018-12-26,K4,2018012,,0100000024,APJ,USD,9600,8400,1200,C,C,C
0500000228,0000000003,2018-12-24,0000000003,2018-12-26,K4,2018012,,0100000025,EMEA,USD,61793,54068.875,7724.125,C,C,C
0500000229,0000000004,2018-12-25,0000000004,2018-12-26,K4,2018012,,0100000017,APJ,USD,1356,1186.5,169.5,C,C,C
0500000230,0000000004,2018-12-27,0000000004,2018-12-29,K4,2018012,,0100000017,APJ,USD,66098,57835.75,8262.25,C,C,C
0500000231,0000000006,2018-12-30,0000000006,2018-12-31,K4,2018012,,0100000008,EMEA,USD,53949,47205.375,6743.625,C,C,C
0500000232,0000000002,2019-01-02,0000000002,2019-01-04,K4,2019001,,0100000037,EMEA,USD,43370,37948.75,5421.25,C,C,C
0500000233,0000000005,2019-01-04,0000000005,2019-01-07,K4,2019001,,0100000019,APJ,USD,12836,11231.5,1604.5,C,C,C
0500000234,0000000001,2019-01-05,0000000001,2019-01-10,K4,2019001,,0100000032,AMER,USD,51889,45402.875,6486.125,C,C,C
0500000235,0000000008,2019-01-06,0000000008,2019-01-08,K4,2019001,,0100000037,EMEA,USD,74952,65583,9369,C,C,C
0500000236,0000000001,2019-01-09,0000000001,2019-01-12,K4,2019001,,0100000031,AMER,USD,76542,66974.25,9567.75,C,C,C
0500000237,0000000002,2019-01-11,0000000002,2019-01-15,K4,2019001,,0100000035,EMEA,USD,35181,30783.375,4397.625,C,C,C
0500000238,0000000009,2019-01-11,0000000009,2019-01-12,K4,2019001,,0100000001,AMER,USD,49230,43076.25,6153.75,C,C,C
0500000239,0000000003,2019-01-13,0000000003,2019-01-15,K4,2019001,,0100000037,EMEA,USD,133675,116965.625,16709.375,C,C,C
0500000240,0000000002,2019-01-15,0000000002,2019-01-20,K4,2019001,,0100000025,EMEA,USD,51997,45497.375,6499.625,C,C,C
0500000241,0000000002,2019-01-17,0000000002,2019-01-20,K4,2019001,,0100000027,EMEA,USD,116842,102236.75,14605.25,C,C,C
0500000242,0000000008,2019-01-20,0000000008,2019-01-22,K4,2019001,,0100000037,EMEA,USD,192075,168065.625,24009.375,C,C,C
0500000243,0000000010,2019-01-21,0000000010,2019-01-24,K4,2019001,,0100000031,AMER,USD,69109,60470.375,8638.625,C,C,C
0500000244,0000000009,2019-01-22,0000000009,2019-01-27,K4,2019001,,0100000030,AMER,USD,165757,145037.375,20719.625,C,C,C
0500000245,0000000002,2019-01-25,0000000002,2019-01-30,K4,2019001,,0100000029,EMEA,USD,16998,14873.25,2124.75,C,C,C
0500000246,0000000004,2019-01-26,0000000004,2019-01-27,K4,2019001,,0100000023,APJ,USD,14810,12958.75,1851.25,C,C,C
0500000247,0000000014,2019-01-28,0000000014,2019-01-29,K4,2019001,,0100000033,AMER,USD,43491,38054.625,5436.375,C,C,C
0500000248,0000000008,2019-01-30,0000000008,2019-02-01,K4,2019001,,0100000006,EMEA,USD,22378,19580.75,2797.25,C,C,C
0500000249,0000000005,2019-02-02,0000000005,2019-02-03,K4,2019002,,0100000023,APJ,USD,102365,89569.375,12795.625,C,C,C
0500000250,0000000008,2019-02-03,0000000008,2019-02-06,K4,2019002,,0100000039,EMEA,USD,95985,83986.875,11998.125,C,C,C
0500000251,0000000005,2019-02-04,0000000005,2019-02-08,K4,2019002,,0100000024,APJ,USD,29394,25719.75,3674.25,C,C,C
0500000252,0000000008,2019-02-04,0000000008,2019-02-08,K4,2019002,,0100000006,EMEA,USD,67009,58632.875,8376.125,C,C,C
0500000253,0000000006,2019-02-05,0000000006,2019-02-06,K4,2019002,,0100000010,EMEA,USD,23683,20722.625,2960.375,C,C,C
0500000254,0000000008,2019-02-07,0000000008,2019-02-11,K4,2019002,,0100000011,EMEA,USD,1596,1396.5,199.5,C,C,C
0500000255,0000000003,2019-02-10,0000000003,2019-02-13,K4,2019002,,0100000036,EMEA,USD,77608,67907,9701,C,C,C
0500000256,0000000008,2019-02-10,0000000008,2019-02-13,K4,2019002,,0100000013,EMEA,USD,157261,137603.375,19657.625,C,C,C
0500000257,0000000008,2019-02-10,0000000008,2019-02-11,K4,2019002,,0100000035,EMEA,USD,8266,7232.75,1033.25,C,C,C
0500000258,0000000002,2019-02-12,0000000002,2019-02-17,K4,2019002,,0100000009,EMEA,USD,16399,14349.125,2049.875,C,C,C
0500000259,0000000006,2019-02-15,0000000006,2019-02-16,K4,2019002,,0100000035,EMEA,USD,73573,64376.375,9196.625,C,C,C
0500000260,0000000002,2019-02-17,0000000002,2019-02-19,K4,2019002,,0100000025,EMEA,USD,101024,88396,12628,C,C,C
0500000261,0000000004,2019-02-19,0000000004,2019-02-23,K4,2019002,,0100000019,APJ,USD,82217,71939.875,10277.125,C,C,C
0500000262,0000000002,2019-02-22,0000000002,2019-02-24,K4,2019002,,0100000013,EMEA,USD,107652,94195.5,13456.5,C,C,C
0500000263,0000000003,2019-02-22,0000000003,2019-02-26,K4,2019002,,0100000013,EMEA,USD,43992,38493,5499,C,C,C
0500000264,0000000005,2019-02-25,0000000005,2019-02-28,K4,2019002,,0100000019,APJ,USD,64578,56505.75,8072.25,C,C,C
0500000265,0000000011,2019-02-27,0000000011,2019-03-03,K4,2019002,,0100000002,AMER,USD,126885,111024.375,15860.625,C,C,C
0500000266,0000000001,2019-02-28,0000000001,2019-03-05,K4,2019002,,0100000001,AMER,USD,10998,9623.25,1374.75,C,C,C
0500000267,0000000004,2019-03-03,0000000004,2019-03-05,K4,2019003,,0100000018,APJ,USD,71977,62979.875,8997.125,C,C,C
0500000268,0000000004,2019-03-06,0000000004,2019-03-08,K4,2019003,,0100000019,APJ,USD,71677,62717.375,8959.625,C,C,C
0500000269,0000000008,2019-03-08,0000000008,2019-03-10,K4,2019003,,0100000026,EMEA,USD,51832,45353,6479,C,C,C
0500000270,0000000003,2019-03-11,0000000003,2019-03-15,K4,2019003,,0100000013,EMEA,USD,135856,118874,16982,C,C,C
0500000271,0000000005,2019-03-14,0000000005,2019-03-19,K4,2019003,,0100000022,APJ,USD,6384,5586,798,C,C,C
0500000272,0000000005,2019-03-16,0000000005,2019-03-20,K4,2019003,,0100000020,APJ,USD,133010,116383.75,16626.25,C,C,C
0500000273,0000000014,2019-03-18,0000000014,2019-03-22,K4,2019003,,0100000032,AMER,USD,153073,133938.875,19134.125,C,C,C
0500000274,0000000009,2019-03-21,0000000009,2019-03-26,K4,2019003,,0100000030,AMER,USD,84470,73911.25,10558.75,C,C,C
0500000275,0000000004,2019-03-23,0000000004,2019-03-24,K4,2019003,,0100000016,APJ,USD,34807,30456.125,4350.875,C,C,C
0500000276,0000000004,2019-03-24,0000000004,2019-03-26,K4,2019003,,0100000024,APJ,USD,125849,110117.875,15731.125,C,C,C
0500000277,0000000008,2019-03-27,0000000008,2019-03-31,K4,2019003,,0100000009,EMEA,USD,45986,40237.75,5748.25,C,C,C
0500000278,0000000008,2019-03-28,0000000008,2019-03-30,K4,2019003,,0100000013,EMEA,USD,23155,20260.625,2894.375,C,C,C
0500000279,0000000001,2019-03-31,0000000001,2019-04-03,K4,2019003,,0100000033,AMER,USD,50696,44359,6337,C,C,C
0500000280,0000000002,2019-04-02,0000000002,2019-04-06,K4,2019004,,0100000038,EMEA,USD,71416,62489,8927,C,C,C
0500000281,0000000013,2019-04-04,0000000013,2019-04-05,K4,2019004,,0100000033,AMER,USD,82497,72184.875,10312.125,C,C,C
0500000282,0000000005,2019-04-07,0000000005,2019-04-10,K4,2019004,,0100000023,APJ,USD,182951,160082.125,22868.875,C,C,C
0500000283,0000000001,2019-04-10,0000000001,2019-04-11,K4,2019004,,0100000033,AMER,USD,6201,5425.875,775.125,C,C,C
0500000284,0000000010,2019-04-10,0000000010,2019-04-12,K4,2019004,,0100000004,AMER,USD,64502,56439.25,8062.75,C,C,C
0500000285,0000000002,2019-04-11,0000000002,2019-04-12,K4,2019004,,0100000027,EMEA,USD,53005,46379.375,6625.625,C,C,C
0500000286,0000000012,2019-04-14,0000000012,2019-04-15,K4,2019004,,0100000032,AMER,USD,11580,10132.5,1447.5,C,C,C
0500000287,0000000005,2019-04-17,0000000005,2019-04-22,K4,2019004,,0100000024,APJ,USD,79400,69475,9925,C,C,C
0500000288,0000000003,2019-04-18,0000000003,2019-04-19,K4,2019004,,0100000025,EMEA,USD,28587,25013.625,3573.375,C,C,C
0500000289,0000000006,2019-04-19,0000000006,2019-04-20,K4,2019004,,0100000008,EMEA,USD,6687,5851.125,835.875,C,C,C
0500000290,0000000002,2019-04-20,0000000002,2019-04-22,K4,2019004,,0100000005,EMEA,USD,130393,114093.875,16299.125,C,C,C
0500000291,0000000003,2019-04-22,0000000003,2019-04-25,K4,2019004,,0100000006,EMEA,USD,115202,100801.75,14400.25,C,C,C
0500000292,0000000007,2019-04-23,0000000007,2019-04-27,K4,2019004,,0100000032,AMER,USD,14095,12333.125,1761.875,C,C,C
0500000293,0000000012,2019-04-26,0000000012,2019-05-01,K4,2019004,,0100000004,AMER,USD,123584,108136,15448,C,C,C
0500000294,0000000008,2019-04-29,0000000008,2019-05-03,K4,2019004,,0100000006,EMEA,USD,66763,58417.625,8345.375,C,C,C
0500000295,0000000008,2019-04-29,0000000008,2019-05-02,K4,2019004,,0100000011,EMEA,USD,36979,32356.625,4622.375,C,C,C
0500000296,0000000003,2019-04-29,0000000003,2019-05-02,K4,2019004,,0100000039,EMEA,USD,96921,84805.875,12115.125,C,C,C
0500000297,0000000011,2019-05-01,0000000011,2019-05-03,K4,2019005,,0100000003,AMER,USD,68558,59988.25,8569.75,C,C,C
0500000298,0000000002,2019-05-02,0000000002,2019-05-07,K4,2019005,,0100000028,EMEA,USD,13345,11676.875,1668.125,C,C,C
0500000299,0000000004,2019-05-04,0000000004,2019-05-09,K4,2019005,,0100000019,APJ,USD,110679,96844.125,13834.875,C,C,C
0500000300,0000000009,2019-05-07,0000000009,2019-05-09,K4,2019005,,0100000004,AMER,USD,145567,127371.125,18195.875,C,C,C
0500000301,0000000002,2019-05-08,0000000002,2019-05-10,K4,2019005,,0100000013,EMEA,USD,20968,18347,2621,C,C,C
0500000302,0000000006,2019-05-10,0000000006,2019-05-12,K4,2019005,,0100000037,EMEA,USD,62193,54418.875,7774.125,C,C,C
0500000303,0000000013,2019-05-12,0000000013,2019-05-13,K4,2019005,,0100000002,AMER,USD,74136,64869,9267,C,C,C
0500000304,0000000012,2019-05-15,0000000012,2019-05-19,K4,2019005,,0100000033,AMER,USD,95667,83708.625,11958.375,C,C,C
0500000305,0000000007,2019-05-15,0000000007,2019-05-17,K4,2019005,,0100000030,AMER,USD,150631,131802.125,18828.875,C,C,C
0500000306,0000000002,2019-05-16,0000000002,2019-05-20,K4,2019005,,0100000035,EMEA,USD,92625,81046.875,11578.125,C,C,C
0500000307,0000000013,2019-05-19,0000000013,2019-05-21,K4,2019005,,0100000002,AMER,USD,49093,42956.375,6136.625,C,C,C
0500000308,0000000009,2019-05-19,0000000009,2019-05-22,K4,2019005,,0100000001,AMER,USD,137532,120340.5,17191.5,X,X,X
0500000309,0000000005,2019-05-21,0000000005,2019-05-25,K4,2019005,,0100000021,APJ,USD,67219,58816.625,8402.375,C,C,C
0500000310,0000000001,2019-05-24,0000000001,2019-05-29,K4,2019005,,0100000004,AMER,USD,49893,43656.375,6236.625,I,C,I
0500000311,0000000005,2019-05-24,0000000005,2019-05-25,K4,2019005,,0100000016,APJ,USD,44627,39048.625,5578.375,C,C,C
0500000312,0000000008,2019-05-25,0000000008,2019-05-27,K4,2019005,,0100000008,EMEA,USD,55065,48181.875,6883.125,C,C,C
0500000313,0000000002,2019-05-28,0000000002,2019-05-30,K4,2019005,,0100000011,EMEA,USD,73561,64365.875,9195.125,C,C,C
0500000314,0000000006,2019-05-30,0000000006,2019-06-03,K4,2019005,,0100000039,EMEA,USD,39905,34916.875,4988.125,I,I,I
0500000315,0000000004,2019-05-31,0000000004,2019-06-04,K4,2019005,,0100000024,APJ,USD,38783,33935.125,4847.875,C,C,C
0500000316,0000000002,2019-06-02,0000000002,2019-06-04,K4,2019006,,0100000029,EMEA,USD,2880,2520,360,I,I,I
0500000317,0000000010,2019-06-02,0000000010,2019-06-04,K4,2019006,,0100000031,AMER,USD,16196,14171.5,2024.5,I,I,C
0500000318,0000000005,2019-06-05,0000000005,2019-06-08,K4,2019006,,0100000022,APJ,USD,124157,108637.375,15519.625,I,I,I
0500000319,0000000005,2019-06-08,0000000005,2019-06-09,K4,2019006,,0100000024,APJ,USD,53533,46841.375,6691.625,I,I,C
0500000320,0000000008,2019-06-10,0000000008,2019-06-15,K4,2019006,,0100000013,EMEA,USD,37505,32816.875,4688.125,I,I,C
0500000321,0000000002,2019-06-12,0000000002,2019-06-15,K4,2019006,,0100000005,EMEA,USD,123784,108311,15473,I,I,C
0500000322,0000000008,2019-06-15,0000000008,2019-06-18,K4,2019006,,0100000036,EMEA,USD,43268,37859.5,5408.5,I,I,C
0500000323,0000000008,2019-06-15,0000000008,2019-06-17,K4,2019006,,0100000037,EMEA,USD,100036,87531.5,12504.5,I,I,C
0500000324,0000000006,2019-06-16,0000000006,2019-06-17,K4,2019006,,0100000013,EMEA,USD,13777,12054.875,1722.125,I,I,C
0500000325,0000000013,2019-06-17,0000000013,2019-06-21,K4,2019006,,0100000001,AMER,USD,87591,76642.125,10948.875,I,I,C
0500000326,0000000013,2019-06-17,0000000013,2019-06-18,K4,2019006,,0100000004,AMER,USD,54809,47957.875,6851.125,I,I,C
0500000327,0000000001,2019-06-17,0000000001,2019-06-22,K4,2019006,,0100000003,AMER,USD,17066,14932.75,2133.25,I,I,I
0500000328,0000000008,2019-06-18,0000000008,2019-06-20,K4,2019006,,0100000036,EMEA,USD,11016,9639,1377,I,I,I
0500000329,0000000007,2019-06-19,0000000007,2019-06-20,K4,2019006,,0100000031,AMER,USD,90621,79293.375,11327.625,I,I,C
0500000330,0000000011,2019-06-22,0000000011,2019-06-26,K4,2019006,,0100000000,AMER,USD,113871,99637.125,14233.875,I,I,C
0500000331,0000000003,2019-06-25,0000000003,2019-06-26,K4,2019006,,0100000009,EMEA,USD,12693,11106.375,1586.625,I,I,I
0500000332,0000000013,2019-06-27,0000000013,2019-07-01,K4,2019006,,0100000034,AMER,USD,70528,61712,8816,I,I,C
0500000333,0000000005,2019-06-27,0000000005,2019-07-01,K4,2019006,,0100000022,APJ,USD,16576,14504,2072,I,I,I
